{
  "project_info": {
    "project_number": "1088040868813",
    "firebase_url": "https://projecte-farmacia-default-rtdb.europe-west1.firebasedatabase.app",
    "project_id": "projecte-farmacia",
    "storage_bucket": "projecte-farmacia.appspot.com"
  },
  "client": [
    {
      "client_info": {
        "mobilesdk_app_id": "1:1088040868813:android:1e5f0bccfd3d037e430284",
        "android_client_info": {
          "package_name": "com.example.farmaciaprojecte"
        }
      },
      "oauth_client": [
        {
          "client_id": "1088040868813-sb7tnldoskr58omjb48at7n4se5bb344.apps.googleusercontent.com",
          "client_type": 3
        }
      ],
      "api_key": [
        {
          "current_key": "AIzaSyDPtReGdl6sixIrbdyQwkWNZyFFDAvpd7w"
        }
      ],
      "services": {
        "appinvite_service": {
          "other_platform_oauth_client": [
            {
              "client_id": "1088040868813-sb7tnldoskr58omjb48at7n4se5bb344.apps.googleusercontent.com",
              "client_type": 3
            }
          ]
        }
      }
    }
  ],
  "configuration_version": "1"
}