{
  "project_info": {
    "project_number": "986773330858",
    "project_id": "login-farmacia-3d101",
    "storage_bucket": "login-farmacia-3d101.appspot.com"
  },
  "client": [
    {
      "client_info": {
        "mobilesdk_app_id": "1:986773330858:android:f0e28947b50077cc2c29d3",
        "android_client_info": {
          "package_name": "projecte_android1.ex"
        }
      },
      "oauth_client": [
        {
          "client_id": "986773330858-cfqkedm143ipbb81jcb86fkjpovklvk3.apps.googleusercontent.com",
          "client_type": 3
        }
      ],
      "api_key": [
        {
          "current_key": "AIzaSyCDKQH92ktt6vMYPyXuPwxCfe8ulPVkShk"
        }
      ],
      "services": {
        "appinvite_service": {
          "other_platform_oauth_client": [
            {
              "client_id": "986773330858-cfqkedm143ipbb81jcb86fkjpovklvk3.apps.googleusercontent.com",
              "client_type": 3
            }
          ]
        }
      }
    }
  ],
  "configuration_version": "1"
}